INSERT INTO part (id, body_part, description, image_url, name, predefined) VALUES 
(1,'Shoulder','','image/bodyparts/shoulder.png','后束',1),
(2,'Shoulder','','image/bodyparts/shoulder.png','斜方肌',1),
(3,'Arm','','image/bodyparts/arm.png','肱二头',1),
(4,'Shoulder','','image/bodyparts/shoulder.png','前束',1),
(5,'Shoulder','','image/bodyparts/shoulder.png','中束',1),
(6,'Back','','image/bodyparts/back.png','背部',1),
(7,'Leg','','image/bodyparts/legs.png','股四头',1),
(8,'Leg','','image/bodyparts/legs.png','小腿',1),
(9,'Arm','','image/bodyparts/arm.png','小臂',1),
(10,'Abdomen','','image/bodyparts/abs.png','腹部',1),
(11,'Leg','','image/bodyparts/legs.png','股二头',1),
(12,'Chest','','image/bodyparts/chest.png','胸上部',1),
(13,'Chest','','image/bodyparts/chest.png','胸下部',1),
(14,'Arm','','image/bodyparts/arm.png','肱三头',1),
(15,'Chest','','image/bodyparts/chest.png','胸中部',1),
(16,'Waist','','image/bodyparts/waist.png','腰部',1),
(17,'Whole','','image/bodyparts/aerobic.png','全身',1);
UPDATE part SET last_modified_date = CURDATE();


INSERT INTO action (id, description, equipment, image_url, name, predefined) VALUES 
(1,'','','image/actions/shoulder/dumbbell_reverse_fly.png','哑铃反向飞鸟',1),
(2,'','','image/actions/shoulder/overhead_bar_press.png','颈后杠铃推举',1),
(3,'','','image/actions/shoulder/cable_rear_lateral_raise.png','俯身拉索侧平举',1),
(4,'','','image/actions/shoulder/dumbbell_rear_lateral_raise.png','俯身哑铃侧平举',1),
(5,'','','image/actions/shoulder/stand_shrug.png','站姿耸肩',1),
(6,'','','image/actions/arm/incline_dumbbell_curl.png','托板哑铃弯举',1),
(7,'','','image/actions/arm/seated_dumbbell_biceps_curl.png','坐姿哑铃弯举',1),
(8,'','','image/actions/arm/standing_hammer_curl.png','站姿重锤弯举',1),
(9,'','','image/actions/arm/seated_dumbbell_focus_curl.png','坐姿哑铃集中弯举',1),
(10,'','','image/actions/arm/seated_hammer_curl.png','坐姿重锤弯举',1),
(11,'','','image/actions/arm/standing_barbell_biceps_curl.png','站姿杠铃弯举',1),
(12,'','','image/actions/arm/standing_cable_curl.png','站姿拉索弯举',1),
(13,'','','image/actions/shoulder/bar_military_press.png','颈前杠铃推举',1),
(14,'','','image/actions/shoulder/standing_dumbbells_front_press.png','站姿哑铃前平举',1),
(15,'','','image/actions/shoulder/standing_one_arm_dumbbell_front_press.png','站姿哑单臂铃前平举',1),
(16,'','','image/actions/shoulder/arnold_press.png','阿诺德哑铃推举',1),
(17,'','','image/actions/shoulder/standing_dumbbell_lateral_raise.png','站姿哑铃侧平举',1),
(18,'','','image/actions/shoulder/machine_press.png','器械推举',1),
(19,'','','image/actions/shoulder/seated_dumbbell_press.png','坐姿哑铃推举',1),
(20,'','','image/actions/shoulder/standing_dumbbell_press.png','站姿哑铃推举',1),
(21,'','','image/actions/shoulder/L_lateral_raise.png','L侧平举',1),
(22,'','','image/actions/waist/romanian_barbell_deadlift.png','杠铃罗马尼亚硬拉',1),
(23,'','','image/actions/back/reverse_neutral_grip_pull_up.png','反握宽距引体向上',1),
(24,'','','image/actions/back/reverse_narrow_pull_up.png','反握窄距引体向上',1),
(25,'','','image/actions/back/reverse_machine_pull_up.png','器械反握下拉',1),
(26,'','','image/actions/back/bent_over_reverse_barbell_row.png','俯身反握杠铃划船',1),
(27,'','','image/actions/back/seated_cable_close_row.png','坐姿器械对握划船',1),
(28,'','','image/actions/waist/straight_leg_barbell_deadlift.png','杠铃直腿硬拉',1),
(29,'','','image/actions/back/reverse_machine_fly.png','反向器械飞鸟',1),
(30,'','','image/actions/back/stand_machine_pull_up.png','标准高位下拉',1),
(31,'','','image/actions/back/neutral_grip_pull_up.png','正握宽距引体向上',1),
(32,'','','image/actions/back/narrow_pull_up.png','正握窄距引体向上',1),
(33,'','','image/actions/back/bent_over_one_arm_row.png','俯身单臂哑铃划船',1),
(34,'','','image/actions/back/bent_over_reverse_dumbbell_row.png','俯身反握哑铃划船',1),
(35,'','','image/actions/back/reverse_cable_pull_up.png','反握高位下拉',1),
(36,'','','image/actions/leg/barbell_one_leg_squat.png','杠铃翘臀分腿蹲',1),
(37,'','','image/actions/leg/machine_leg_lift.png','器械腿举',1),
(38,'','','image/actions/leg/seated_machine_leg_split.png','坐姿器械腿外展',1),
(39,'','','image/actions/leg/none_weighted_squat.png','徒手深蹲',1),
(40,'','','image/actions/leg/firm_stance.png','靠墙马步蹲',1),
(41,'','','image/actions/leg/barbell_before_neck_squat.png','颈前杠铃深蹲',1),
(42,'','','image/actions/leg/machine_hack_squat.png','器械哈克深蹲',1),
(43,'','','image/actions/leg/seated_leg_dip.png','坐姿腿屈伸',1),
(44,'','','image/actions/leg/dumbbell_squat.png','哑铃深蹲',1),
(45,'','','image/actions/leg/barbell_overhead_squat.png','杠铃深蹲',1),
(46,'','','image/actions/leg/seated_one_leg_lift.png','坐姿单腿腿举',1),
(47,'','','image/actions/leg/standing_calf_raise.png','站姿负重提踵',1),
(48,'','','image/actions/leg/seated_calf_raise.png','坐姿提踵',1),
(49,'','',NULL,'杠铃腕弯举',1),
(50,'','',NULL,'杠铃背后腕腕举',1),
(51,'','',NULL,'卷重物',1),
(52,'','',NULL,'哑铃腕弯举',1),
(53,'','',NULL,'引体悬挂',1),
(54,'','','image/actions/abs/hanging_crunch.png','悬垂卷腹',1),
(55,'','','image/actions/abs/sky_bike.png','空中单车',1),
(56,'','','image/actions/abs/self_weighted_hip_bridge.png','自重臀桥',1),
(57,'','','image/actions/abs/bent_leg_crunch.png','屈膝卷腹',1),
(58,'','','image/actions/abs/v_balance.png','V型平衡',1),
(59,'','','image/actions/waist/plank.png','平板支撑',1),
(60,'','','image/actions/abs/hanging_leg_raise.png','悬垂举腿',1),
(61,'','','image/actions/abs/reverse_crunch.png','反向卷腹',1),
(62,'','','image/actions/abs/weighted_russian_twist.png','负重俄罗斯转体',1),
(63,'','','image/actions/abs/machine_crunch.png','器械卷腹',1),
(64,'','','image/actions/abs/decline_sit_up.png','下斜仰卧起坐',1),
(65,'','','image/actions/leg/cable_hamstring_curl.png','器械腿后展',1),
(66,'','','image/actions/leg/bent_over_machine_leg_curl.png','俯卧器械腿弯举',1),
(67,'','','image/actions/chest/incline_able_crossover.png','上斜拉索夹胸',1),
(68,'','','image/actions/chest/down_incline_diamond_push_up.png','下斜钻石俯卧撑',1),
(69,'','','image/actions/chest/incline_machine_press.png','上斜器械推举',1),
(70,'','','image/actions/chest/incline_dumbbell_bench_fly.png','上斜哑铃飞鸟',1),
(71,'','','image/actions/chest/horizontal_barbell_bench_press.png','上斜杠铃推举',1),
(72,'','','image/actions/chest/incline_dumbbell_bench_press.png','上斜哑铃推举',1),
(73,'','','image/actions/chest/horizontal_barbell_bench_press.png','下斜杠铃推举',1),
(74,'','','image/actions/chest/horizontal_dumbbell_bench_press.png','下斜哑铃推举',1),
(75,'','','image/actions/arm/parallel_bar_dip.png','双杠臂屈伸',1),
(76,'','','image/actions/chest/incline_wide_push_up.png','上斜宽距俯卧撑',1),
(77,'','','image/actions/chest/decline_cable_crossover.png','下斜拉索夹胸',1),
(78,'','','image/actions/arm/lying_barbell_dip.png','仰卧杠铃颈后臂屈伸',1),
(79,'','','image/actions/chest/stand_push_up.png','标准俯卧撑',1),
(80,'','','image/actions/arm/diamond_push_up.png','钻石俯卧撑',1),
(81,'','','image/actions/arm/standing_one_arm_dip.png','站姿单臂颈后臂屈伸',1),
(82,'','','image/actions/arm/machine_push_down.png','器械直臂下压',1),
(83,'','','image/actions/arm/machine_dip.png','器械臂屈伸',1),
(84,'','','image/actions/arm/standing_dumbbell_dip.png','站姿哑铃颈后屈臂伸',1),
(85,'','','image/actions/arm/standing_cable_triceps_push_down.png','站姿拉索下压',1),
(86,'','','image/actions/chest/horizontal_dumbbell_bench_fly.png','平板哑铃飞鸟',1),
(87,'','','image/actions/chest/horizontal_barbell_bench_press.png','平板杠铃卧推',1),
(88,'','','image/actions/chest/butterfly_machine_crossover.png','蝴蝶机器械夹胸',1),
(89,'','','image/actions/chest/kneel_push_up.png','跪姿俯卧撑',1),
(90,'','','image/actions/chest/seated_machine_press.png','坐姿器械推胸',1),
(91,'','','image/actions/chest/cable_crossover.png','拉力器十字夹胸',1),
(92,'','','image/actions/chest/horizontal_dumbbell_bench_press.png','平板哑铃卧推',1),
(93,'','','image/actions/waist/back_hyperextension.png','山羊挺身',1),
(94,'','','image/actions/waist/cross_lift.png','十字挺身',1),
(95,'','','image/actions/aerobic/rope_skipping.png','跳绳',1),
(96,'','','image/actions/aerobic/jumping_jacks.png','开合跳',1),
(97,'','','image/actions/aerobic/spinning.png','动感单车',1),
(98,'','','image/actions/aerobic/elliptical_machine.png','椭圆机',1),
(99,'','','image/actions/aerobic/place_high_leg_on_the_spot.png','原地高抬腿',1),
(100,'','','image/actions/aerobic/fast_walking.png','快走',1),
(101,'','','image/actions/aerobic/canter.png','慢跑',1),
(102,'','','image/actions/aerobic/running_on_the_spot.png','原地跑步',1),
(103,'','','image/actions/aerobic/climbing.png','登山机',1),
(104,'','','image/actions/aerobic/bend_over_climbing.png','俯身登山',1);
UPDATE action SET last_modified_date = CURDATE();


INSERT INTO part_action (part_id, action_id) VALUES 
(1,1),
(1,2),
(1,3),
(1,4),
(2,5),
(3,6),
(3,7),
(3,8),
(3,9),
(3,10),
(3,11),
(3,12),
(4,13),
(4,14),
(4,15),
(5,16),
(5,17),
(5,18),
(5,19),
(5,20),
(5,21),
(6,22),
(6,23),
(6,24),
(6,25),
(6,26),
(6,27),
(6,28),
(6,29),
(6,30),
(6,31),
(6,32),
(6,33),
(6,34),
(6,35),
(7,36),
(7,37),
(7,38),
(7,39),
(7,40),
(7,41),
(7,42),
(7,43),
(7,44),
(7,45),
(7,46),
(8,47),
(8,48),
(9,49),
(9,50),
(9,51),
(9,52),
(9,53),
(10,54),
(10,55),
(10,56),
(10,57),
(10,58),
(10,59),
(10,60),
(10,61),
(10,62),
(10,63),
(10,64),
(11,65),
(11,66),
(12,67),
(12,68),
(12,69),
(12,70),
(12,71),
(12,72),
(13,73),
(13,74),
(13,75),
(13,76),
(13,77),
(14,75),
(14,78),
(14,79),
(14,80),
(14,81),
(14,82),
(14,83),
(14,84),
(14,85),
(15,79),
(15,86),
(15,87),
(15,88),
(15,89),
(15,90),
(15,91),
(15,92),
(16,22),
(16,28),
(16,59),
(16,93),
(16,94),
(17,95),
(17,96),
(17,97),
(17,98),
(17,99),
(17,100),
(17,101),
(17,102),
(17,103),
(17,104);